{"loss": [0.06869151443243027, 0.033238187432289124, 0.030418971553444862, 0.028420519083738327, 0.028691738843917847, 0.027818534523248672, 0.02708650380373001, 0.02652931585907936, 0.026901327073574066, 0.026271246373653412, 0.025467626750469208, 0.026095103472471237, 0.025446979328989983, 0.025166090577840805, 0.02481694705784321, 0.024589089676737785, 0.02437627501785755, 0.024202778935432434, 0.024716192856431007, 0.024389466270804405, 0.024414313957095146, 0.024010339751839638, 0.023496368899941444, 0.02320556901395321, 0.022644488140940666, 0.022557465359568596, 0.022243116050958633, 0.021948317065835, 0.021480150520801544, 0.021389083936810493, 0.021542439237236977, 0.020967619493603706, 0.020591285079717636, 0.02056758478283882, 0.020817086100578308, 0.020564846694469452, 0.02039196528494358, 0.02064347080886364, 0.019961319863796234, 0.02040969580411911, 0.02024625614285469, 0.019839461892843246, 0.01980353146791458, 0.01996506378054619, 0.019890878349542618, 0.019968004897236824, 0.019716590642929077, 0.019666623324155807, 0.019545607268810272, 0.019696148112416267, 0.01944870315492153, 0.019673602655529976, 0.01967056654393673, 0.019488822668790817, 0.020028507336974144, 0.019513066858053207, 0.019693853333592415, 0.019590526819229126, 0.01971876621246338, 0.019310416653752327, 0.019362641498446465, 0.01944044604897499, 0.01915329322218895, 0.01924719661474228, 0.018900636583566666, 0.019111813977360725, 0.018827788531780243, 0.019428478553891182, 0.019032949581742287, 0.019155392423272133, 0.018954869359731674, 0.019235676154494286, 0.019003015011548996, 0.019016604870557785, 0.01897207461297512, 0.01895504631102085, 0.018817108124494553, 0.018975967541337013, 0.019029634073376656, 0.018786560744047165, 0.018942059949040413, 0.01877119392156601, 0.01905015856027603, 0.01893162913620472, 0.018760787323117256, 0.018639065325260162, 0.018800433725118637, 0.018732834607362747, 0.01881016232073307, 0.018870286643505096, 0.018509304150938988], "mae": [0.284711629152298, 0.19597604870796204, 0.18314418196678162, 0.17702585458755493, 0.17683641612529755, 0.17346137762069702, 0.1719672828912735, 0.16936056315898895, 0.16987824440002441, 0.16812600195407867, 0.16577903926372528, 0.16631844639778137, 0.16543711721897125, 0.1632266640663147, 0.16318441927433014, 0.1619945615530014, 0.16101840138435364, 0.16168642044067383, 0.16328071057796478, 0.16214710474014282, 0.16154493391513824, 0.15983743965625763, 0.1590755730867386, 0.15681178867816925, 0.15602296590805054, 0.15606506168842316, 0.15438660979270935, 0.15378308296203613, 0.1522284597158432, 0.1511022299528122, 0.15186771750450134, 0.15056537091732025, 0.14843548834323883, 0.14811235666275024, 0.1497274786233902, 0.14768444001674652, 0.14830106496810913, 0.1479257047176361, 0.14677397906780243, 0.14730282127857208, 0.14706175029277802, 0.1460648626089096, 0.14584143459796906, 0.14563871920108795, 0.14536190032958984, 0.14556781947612762, 0.1447807103395462, 0.1444629579782486, 0.14443247020244598, 0.14422662556171417, 0.14401409029960632, 0.1447170525789261, 0.14433042705059052, 0.14289073646068573, 0.14548806846141815, 0.14373096823692322, 0.14454121887683868, 0.144550159573555, 0.14454084634780884, 0.14237508177757263, 0.1433710902929306, 0.1438070684671402, 0.14250688254833221, 0.1428038775920868, 0.14212371408939362, 0.14152419567108154, 0.14088231325149536, 0.1440577208995819, 0.14174184203147888, 0.14209651947021484, 0.14145345985889435, 0.14224845170974731, 0.14067555963993073, 0.1416473388671875, 0.14158430695533752, 0.1417347490787506, 0.1412353366613388, 0.14223892986774445, 0.1409486085176468, 0.14025485515594482, 0.1410732865333557, 0.1405506730079651, 0.14191536605358124, 0.1410113275051117, 0.14032606780529022, 0.13974633812904358, 0.14047247171401978, 0.13984599709510803, 0.1405455321073532, 0.14119009673595428, 0.13968738913536072], "mse": [0.13873794674873352, 0.06648291647434235, 0.06087290123105049, 0.05686043202877045, 0.05744614452123642, 0.05568068102002144, 0.05419635772705078, 0.05310637876391411, 0.0538218654692173, 0.05260031670331955, 0.050983063876628876, 0.05220475047826767, 0.0509207658469677, 0.05035888031125069, 0.04966268688440323, 0.04918484762310982, 0.048791177570819855, 0.04842546954751015, 0.049443040043115616, 0.04881780967116356, 0.04887467995285988, 0.04804661124944687, 0.04701349139213562, 0.0464259497821331, 0.04533227160573006, 0.04514506459236145, 0.044504933059215546, 0.04393022879958153, 0.04299135506153107, 0.042803481221199036, 0.04311408847570419, 0.041951198130846024, 0.04120640829205513, 0.041163552552461624, 0.041647933423519135, 0.04114951938390732, 0.040800925344228745, 0.041306521743535995, 0.0399324931204319, 0.04083552956581116, 0.04052240774035454, 0.039689041674137115, 0.039618127048015594, 0.03994737192988396, 0.03979654610157013, 0.03995044529438019, 0.0394524522125721, 0.03934193402528763, 0.03911126032471657, 0.039418235421180725, 0.03891417384147644, 0.03936982899904251, 0.03936797007918358, 0.03900985047221184, 0.040079306811094284, 0.03905181586742401, 0.03941095992922783, 0.03919924050569534, 0.03945500776171684, 0.038646262139081955, 0.03874227777123451, 0.03890572115778923, 0.03831908851861954, 0.03851819410920143, 0.03780621290206909, 0.038255393505096436, 0.037669919431209564, 0.03888826072216034, 0.038083843886852264, 0.038335636258125305, 0.03792458027601242, 0.03850343078374863, 0.038027890026569366, 0.03804413974285126, 0.037960220128297806, 0.037931524217128754, 0.037652622908353806, 0.03797055780887604, 0.038072843104600906, 0.03759611397981644, 0.03789752721786499, 0.03755846992135048, 0.038115493953228, 0.037883441895246506, 0.03753882646560669, 0.03730139881372452, 0.037625767290592194, 0.0374879315495491, 0.03764057159423828, 0.03775343298912048, 0.03703202307224274], "val_loss": [0.01417988445609808, 0.011329366825520992, 0.011107775382697582, 0.011345556937158108, 0.011316482909023762, 0.011453417129814625, 0.011040765792131424, 0.011009314097464085, 0.01214376650750637, 0.011191919445991516, 0.011937986128032207, 0.012115656398236752, 0.011958541348576546, 0.01184585690498352, 0.01203190814703703, 0.011421696282923222, 0.011777907609939575, 0.012844056822359562, 0.011920355260372162, 0.012014999985694885, 0.012467782944440842, 0.011469732969999313, 0.011534648947417736, 0.011487250216305256, 0.011249396950006485, 0.011555207893252373, 0.010613763704895973, 0.011578600853681564, 0.011395878158509731, 0.011242064647376537, 0.011564311571419239, 0.01271753665059805, 0.01167313288897276, 0.011544936336576939, 0.01174009870737791, 0.011615066789090633, 0.012478510849177837, 0.011517136357724667, 0.011869563721120358, 0.012200918979942799, 0.011411027051508427, 0.011922996491193771, 0.0116356136277318, 0.011877359822392464, 0.012434365227818489, 0.012536044232547283, 0.011364060454070568, 0.011638907715678215, 0.012578572146594524, 0.01216239482164383, 0.012383232824504375, 0.011685882695019245, 0.012437496334314346, 0.012740722857415676, 0.011774927377700806, 0.012447615154087543, 0.011815660633146763, 0.012658991850912571, 0.012211969122290611, 0.01270198728889227, 0.013010016642510891, 0.013262084685266018, 0.012556688860058784, 0.013047420419752598, 0.01291025709360838, 0.01286892220377922, 0.011994099244475365, 0.012767649255692959, 0.012827868573367596, 0.013236741535365582, 0.012392742559313774, 0.013897763565182686, 0.01293080486357212, 0.012575016357004642, 0.013126636855304241, 0.013051622547209263, 0.01202711183577776, 0.012528244405984879, 0.012597647495567799, 0.012551698833703995, 0.013021687045693398, 0.013971414417028427, 0.012512367218732834, 0.012791824527084827, 0.012847185134887695, 0.012588207609951496, 0.013649209402501583, 0.013220546767115593, 0.013172769919037819, 0.0126205924898386, 0.013745848089456558],