{"loss": [0.08953902125358582, 0.04145160689949989, 0.03929479047656059, 0.0382368303835392, 0.03757672384381294, 0.037073638290166855, 0.03666891157627106, 0.036411140114068985, 0.03625359386205673, 0.036136697977781296, 0.036040447652339935, 0.035956040024757385, 0.03587882220745087, 0.03580590710043907, 0.03573502600193024, 0.03566410765051842, 0.03559133782982826, 0.03551508113741875, 0.03543390706181526, 0.035346247255802155, 0.03525003045797348, 0.035138215869665146, 0.03498794510960579, 0.0348171666264534, 0.03468088060617447, 0.03457331284880638, 0.034481462091207504, 0.03439798951148987, 0.03431816026568413, 0.03423939272761345, 0.034160494804382324, 0.034081216901540756, 0.03400193154811859, 0.03392335772514343, 0.033846307545900345, 0.033771466463804245, 0.03369935229420662, 0.033630482852458954, 0.0335652120411396, 0.033503830432891846, 0.0334465354681015, 0.03339337185025215, 0.033344365656375885, 0.03329930081963539, 0.03325795754790306, 0.03322010859847069, 0.03318539634346962, 0.033153556287288666, 0.03312432020902634, 0.03309740126132965], "mae": [0.2427157312631607, 0.14153747260570526, 0.1359848529100418, 0.1333829164505005, 0.13162897527217865, 0.13013404607772827, 0.12885835766792297, 0.12808547914028168, 0.1276242434978485, 0.1273450255393982, 0.1271584928035736, 0.12703165411949158, 0.1269485056400299, 0.12688475847244263, 0.1268310695886612, 0.12677963078022003, 0.12672576308250427, 0.12666630744934082, 0.12662996351718903, 0.1266098916530609, 0.12663376331329346, 0.12666121125221252, 0.12640471756458282, 0.12581132352352142, 0.1253761500120163, 0.1251136213541031, 0.1249154582619667, 0.12474095821380615, 0.12456973642110825, 0.12438979744911194, 0.12419521063566208, 0.12399356067180634, 0.12377790361642838, 0.12355867028236389, 0.1233382597565651, 0.12311827391386032, 0.12290515005588531, 0.1227124035358429, 0.12252961099147797, 0.12235698103904724, 0.12219320982694626, 0.12203193455934525, 0.12187696993350983, 0.12172918021678925, 0.12159081548452377, 0.12145737558603287, 0.12132890522480011, 0.12120455503463745, 0.12108299881219864, 0.12097054719924927], "mse": [0.08953902125358582, 0.04145160689949989, 0.03929479047656059, 0.0382368303835392, 0.03757672384381294, 0.037073638290166855, 0.03666891157627106, 0.036411140114068985, 0.03625359386205673, 0.036136697977781296, 0.036040447652339935, 0.035956040024757385, 0.03587882220745087, 0.03580590710043907, 0.03573502600193024, 0.03566410765051842, 0.03559133782982826, 0.03551508113741875, 0.03543390706181526, 0.035346247255802155, 0.03525003045797348, 0.035138215869665146, 0.03498794510960579, 0.0348171666264534, 0.03468088060617447, 0.03457331284880638, 0.034481462091207504, 0.03439798951148987, 0.03431816026568413, 0.03423939272761345, 0.034160494804382324, 0.034081216901540756, 0.03400193154811859, 0.03392335772514343, 0.033846307545900345, 0.033771466463804245, 0.03369935229420662, 0.033630482852458954, 0.0335652120411396, 0.033503830432891846, 0.0334465354681015, 0.03339337185025215, 0.033344365656375885, 0.03329930081963539, 0.03325795754790306, 0.03322010859847069, 0.03318539634346962, 0.033153556287288666, 0.03312432020902634, 0.03309740126132965], "val_loss": [0.02554955519735813, 0.023718243464827538, 0.02290872111916542, 0.02239292301237583, 0.02201020158827305, 0.021716881543397903, 0.021538021042943, 0.021447837352752686, 0.021398460492491722, 0.02137082628905773, 0.021357962861657143, 0.021355081349611282, 0.021358435973525047, 0.021365441381931305, 0.0213752593845129, 0.021389469504356384, 0.021412530913949013, 0.021452302113175392, 0.021521825343370438, 0.021640481427311897, 0.021810710430145264, 0.021873950958251953, 0.02162998728454113, 0.021424423903226852, 0.02130831964313984, 0.021246006712317467, 0.021225498989224434, 0.02122630923986435, 0.021236639469861984, 0.021251462399959564, 0.021268820390105247, 0.021287545561790466, 0.021306047216057777, 0.02132197469472885, 0.021332604810595512, 0.021335694938898087, 0.021330082789063454, 0.02131594717502594, 0.021294711157679558, 0.02126832865178585, 0.021238939836621284, 0.021208330988883972, 0.021177805960178375, 0.021148107945919037, 0.021119650453329086, 0.021092496812343597, 0.02106667123734951, 0.02104211412370205, 0.02101876027882099, 0.020996637642383575], "val_mae": [0.10460782796144485, 0.09891261905431747, 0.09695077687501907, 0.09488367289304733, 0.09251684695482254, 0.0897848904132843, 0.08732856810092926, 0.08553393185138702, 0.08430200070142746, 0.08388546109199524, 0.08453848958015442, 0.08516773581504822, 0.08578819036483765, 0.08639498054981232, 0.08699306100606918, 0.08762431144714355, 0.08833484351634979, 0.08921297639608383, 0.0903845950961113, 0.09199538826942444, 0.09406373649835587, 0.09537966549396515, 0.09444916248321533, 0.09361580014228821, 0.0933036059141159, 0.09332216531038284, 0.09361108392477036, 0.0940086841583252, 0.09443528950214386, 0.0948530063033104, 0.09524023532867432, 0.09557981789112091, 0.09586670994758606, 0.09609668701887131, 0.09625626355409622, 0.09633568674325943, 0.09633747488260269, 0.09627222269773483, 0.09615074843168259, 0.09598088264465332, 0.09578750282526016, 0.09557470679283142, 0.09536117315292358, 0.09514457732439041, 0.09491851925849915, 0.09468437731266022, 0.09444566071033478, 0.09420351684093475, 0.09395801275968552, 0.09371329098939896], "val_mse": [0.02554955519735813, 0.023718243464827538, 0.02290872111916542, 0.02239292301237583, 0.02201020158827305, 0.021716881543397903, 0.021538021042943, 0.021447837352752686, 0.021398460492491722, 0.02137082628905773, 0.021357962861657143, 0.021355081349611282, 0.021358435973525047, 0.021365441381931305, 0.0213752593845129, 0.021389469504356384, 0.021412530913949013, 0.021452302113175392, 0.021521825343370438, 0.021640481427311897, 0.021810710430145264, 0.021873950958251953, 0.02162998728454113, 0.021424423903226852, 0.02130831964313984, 0.021246006712317467, 0.021225498989224434, 0.02122630923986435, 0.021236639469861984, 0.021251462399959564, 0.021268820390105247, 0.021287545561790466, 0.021306047216057777, 0.02132197469472885, 0.021332604810595512, 0.021335694938898087, 0.021330082789063454, 0.02131594717502594, 0.021294711157679558, 0.02126832865178585, 0.021238939836621284, 0.021208330988883972, 0.021177805960178375, 0.021148107945919037, 0.021119650453329086, 0.021092496812343597, 0.02106667123734951, 0.02104211412370205, 0.02101876027882099, 0.020996637642383575]}